RNA Sequence,Prediction KD
5'-A A A A A,>1000
5'-A A A A C,940
5'-A A A A G,>1000
5'-A A A A U,>1000
5'-A A A C A,>1000
5'-A A A C C,>1000
5'-A A A C G,>1000
5'-A A A C U,>1000
5'-A A A G A,990
5'-A A A G C,910
5'-A A A G G,>1000
5'-A A A G U,990
5'-A A A U A,>1000
5'-A A A U C,920
5'-A A A U G,>1000
5'-A A A U U,>1000
5'-A A C A A,840
5'-A A C A C,940
5'-A A C A G,920
5'-A A C A U,860
5'-A A C C A,55
5'-A A C C C,100
5'-A A C C G,80
5'-A A C C U,60
5'-A A C G A,160
5'-A A C G C,135
5'-A A C G G,150
5'-A A C G U,180
5'-A A C U A,460
5'-A A C U C,530
5'-A A C U G,500
5'-A A C U U,480
5'-A A G A A,910
5'-A A G A C,>1000
5'-A A G A G,1000
5'-A A G A U,940
5'-A A G C A,120
5'-A A G C C,190
5'-A A G C G,170
5'-A A G C U,150
5'-A A G G A,170
5'-A A G G C,140
5'-A A G G G,160
5'-A A G G U,190
5'-A A G U A,500
5'-A A G U C,580
5'-A A G U G,550
5'-A A G U U,540
5'-A A U A A,440
5'-A A U A C,450
5'-A A U A G,440
5'-A A U A U,450
5'-A A U C A,980
5'-A A U C C,>1000
5'-A A U C G,>1000
5'-A A U C U,1000
5'-A A U G A,350
5'-A A U G C,340
5'-A A U G G,340
5'-A A U G U,360
5'-A A U U A,420
5'-A A U U C,430
5'-A A U U G,430
5'-A A U U U,430
5'-A C A A A,300
5'-A C A A C,250
5'-A C A A G,250
5'-A C A A U,390
5'-A C A C A,170
5'-A C A C C,210
5'-A C A C G,210
5'-A C A C U,200
5'-A C A G A,210
5'-A C A G C,210
5'-A C A G G,210
5'-A C A G U,240
5'-A C A U A,330
5'-A C A U C,250
5'-A C A U G,240
5'-A C A U U,420
5'-A C C A A,50
5'-A C C A C,80
5'-A C C A G,75
5'-A C C A U,85
5'-A C C C A,10
5'-A C C C C,28
5'-A C C C G,28
5'-A C C C U,21
5'-A C C G A,31
5'-A C C G C,49
5'-A C C G G,43
5'-A C C G U,48
5'-A C C U A,110
5'-A C C U C,135
5'-A C C U G,125
5'-A C C U U,145
5'-A C G A A,55
5'-A C G A C,80
5'-A C G A G,80
5'-A C G A U,90
5'-A C G C A,55
5'-A C G C C,85
5'-A C G C G,85
5'-A C G C U,80
5'-A C G G A,55
5'-A C G G C,75
5'-A C G G G,75
5'-A C G G U,80
5'-A C G U A,85
5'-A C G U C,105
5'-A C G U G,95
5'-A C G U U,120
5'-A C U A A,290
5'-A C U A C,230
5'-A C U A G,230
5'-A C U A U,390
5'-A C U C A,28
5'-A C U C C,65
5'-A C U C G,65
5'-A C U C U,60
5'-A C U G A,120
5'-A C U G C,125
5'-A C U G G,125
5'-A C U G U,150
5'-A C U U A,330
5'-A C U U C,230
5'-A C U U G,230
5'-A C U U U,430
5'-A G A A A,300
5'-A G A A C,230
5'-A G A A G,230
5'-A G A A U,390
5'-A G A C A,170
5'-A G A C C,200
5'-A G A C G,210
5'-A G A C U,200
5'-A G A G A,200
5'-A G A G C,210
5'-A G A G G,210
5'-A G A G U,230
5'-A G A U A,330
5'-A G A U C,220
5'-A G A U G,210
5'-A G A U U,430
5'-A G C A A,60
5'-A G C A C,90
5'-A G C A G,85
5'-A G C A U,90
5'-A G C C A,<1
5'-A G C C C,17
5'-A G C C G,17
5'-A G C C U,11
5'-A G C G A,21
5'-A G C G C,39
5'-A G C G G,33
5'-A G C G U,37
5'-A G C U A,125
5'-A G C U C,135
5'-A G C U G,125
5'-A G C U U,160
5'-A G G A A,65
5'-A G G A C,90
5'-A G G A G,90
5'-A G G A U,100
5'-A G G C A,40
5'-A G G C C,65
5'-A G G C G,65
5'-A G G C U,60
5'-A G G G A,46
5'-A G G G C,60
5'-A G G G G,65
5'-A G G G U,70
5'-A G G U A,95
5'-A G G U C,105
5'-A G G U G,100
5'-A G G U U,135
5'-A G U A A,300
5'-A G U A C,220
5'-A G U A G,220
5'-A G U A U,400
5'-A G U C A,31
5'-A G U C C,70
5'-A G U C G,70
5'-A G U C U,65
5'-A G U G A,125
5'-A G U G C,135
5'-A G U G G,135
5'-A G U G U,160
5'-A G U U A,340
5'-A G U U C,230
5'-A G U U G,220
5'-A G U U U,450
5'-A U A A A,390
5'-A U A A C,290
5'-A U A A G,420
5'-A U A A U,400
5'-A U A C A,960
5'-A U A C C,880
5'-A U A C G,970
5'-A U A C U,980
5'-A U A G A,320
5'-A U A G C,210
5'-A U A G G,350
5'-A U A G U,330
5'-A U A U A,360
5'-A U A U C,270
5'-A U A U G,410
5'-A U A U U,380
5'-A U C A A,840
5'-A U C A C,960
5'-A U C A G,930
5'-A U C A U,880
5'-A U C C A,160
5'-A U C C C,220
5'-A U C C G,190
5'-A U C C U,190
5'-A U C G A,260
5'-A U C G C,240
5'-A U C G G,260
5'-A U C G U,290
5'-A U C U A,470
5'-A U C U C,560
5'-A U C U G,520
5'-A U C U U,510
5'-A U G A A,910
5'-A U G A C,>1000
5'-A U G A G,>1000
5'-A U G A U,960
5'-A U G C A,250
5'-A U G C C,320
5'-A U G C G,290
5'-A U G C U,290
5'-A U G G A,330
5'-A U G G C,300
5'-A U G G G,320
5'-A U G G U,360
5'-A U G U A,520
5'-A U G U C,610
5'-A U G U G,580
5'-A U G U U,570
5'-A U U A A,350
5'-A U U A C,370
5'-A U U A G,360
5'-A U U A U,380
5'-A U U C A,920
5'-A U U C C,910
5'-A U U C G,930
5'-A U U C U,940
5'-A U U G A,280
5'-A U U G C,230
5'-A U U G G,230
5'-A U U G U,290
5'-A U U U A,340
5'-A U U U C,350
5'-A U U U G,350
5'-A U U U U,360
5'-C A A A A,>1000
5'-C A A A C,>1000
5'-C A A A G,>1000
5'-C A A A U,>1000
5'-C A A C A,850
5'-C A A C C,810
5'-C A A C G,890
5'-C A A C U,870
5'-C A A G A,>1000
5'-C A A G C,>1000
5'-C A A G G,>1000
5'-C A A G U,>1000
5'-C A A U A,>1000
5'-C A A U C,>1000
5'-C A A U G,>1000
5'-C A A U U,>1000
5'-C A C A A,200
5'-C A C A C,220
5'-C A C A G,220
5'-C A C A U,230
5'-C A C C A,25
5'-C A C C C,31
5'-C A C C G,31
5'-C A C C U,32
5'-C A C G A,130
5'-C A C G C,115
5'-C A C G G,105
5'-C A C G U,140
5'-C A C U A,220
5'-C A C U C,230
5'-C A C U G,210
5'-C A C U U,250
5'-C A G A A,230
5'-C A G A C,250
5'-C A G A G,250
5'-C A G A U,260
5'-C A G C A,85
5'-C A G C C,100
5'-C A G C G,100
5'-C A G C U,100
5'-C A G G A,160
5'-C A G G C,135
5'-C A G G G,135
5'-C A G G U,170
5'-C A G U A,220
5'-C A G U C,230
5'-C A G U G,220
5'-C A G U U,250
5'-C A U A A,410
5'-C A U A C,430
5'-C A U A G,410
5'-C A U A U,420
5'-C A U C A,570
5'-C A U C C,570
5'-C A U C G,610
5'-C A U C U,590
5'-C A U G A,350
5'-C A U G C,380
5'-C A U G G,350
5'-C A U G U,360
5'-C A U U A,400
5'-C A U U C,420
5'-C A U U G,410
5'-C A U U U,410
5'-C C A A A,440
5'-C C A A C,390
5'-C C A A G,390
5'-C C A A U,520
5'-C C A C A,240
5'-C C A C C,260
5'-C C A C G,260
5'-C C A C U,260
5'-C C A G A,290
5'-C C A G C,270
5'-C C A G G,270
5'-C C A G U,310
5'-C C A U A,480
5'-C C A U C,400
5'-C C A U G,390
5'-C C A U U,560
5'-C C C A A,100
5'-C C C A C,135
5'-C C C A G,135
5'-C C C A U,135
5'-C C C C A,26
5'-C C C C C,32
5'-C C C C G,32
5'-C C C C U,37
5'-C C C G A,80
5'-C C C G C,85
5'-C C C G G,85
5'-C C C G U,95
5'-C C C U A,180
5'-C C C U C,210
5'-C C C U G,210
5'-C C C U U,220
5'-C C G A A,95
5'-C C G A C,120
5'-C C G A G,120
5'-C C G A U,125
5'-C C G C A,75
5'-C C G C C,85
5'-C C G C G,90
5'-C C G C U,95
5'-C C G G A,95
5'-C C G G C,95
5'-C C G G G,95
5'-C C G G U,110
5'-C C G U A,140
5'-C C G U C,170
5'-C C G U G,160
5'-C C G U U,170
5'-C C U A A,370
5'-C C U A C,310
5'-C C U A G,310
5'-C C U A U,470
5'-C C U C A,41
5'-C C U C C,65
5'-C C U C G,65
5'-C C U C U,70
5'-C C U G A,150
5'-C C U G C,140
5'-C C U G G,140
5'-C C U G U,180
5'-C C U U A,410
5'-C C U U C,320
5'-C C U U G,310
5'-C C U U U,510
5'-C G A A A,430
5'-C G A A C,370
5'-C G A A G,370
5'-C G A A U,520
5'-C G A C A,240
5'-C G A C C,260
5'-C G A C G,260
5'-C G A C U,260
5'-C G A G A,290
5'-C G A G C,270
5'-C G A G G,280
5'-C G A G U,310
5'-C G A U A,480
5'-C G A U C,380
5'-C G A U G,370
5'-C G A U U,570
5'-C G C A A,100
5'-C G C A C,135
5'-C G C A G,135
5'-C G C A U,135
5'-C G C C A,14
5'-C G C C C,20
5'-C G C C G,20
5'-C G C C U,25
5'-C G C G A,65
5'-C G C G C,70
5'-C G C G G,70
5'-C G C G U,85
5'-C G C U A,190
5'-C G C U C,210
5'-C G C U G,200
5'-C G C U U,230
5'-C G G A A,90
5'-C G G A C,120
5'-C G G A G,120
5'-C G G A U,125
5'-C G G C A,60
5'-C G G C C,70
5'-C G G C G,75
5'-C G G C U,80
5'-C G G G A,85
5'-C G G G C,85
5'-C G G G G,85
5'-C G G G U,100
5'-C G G U A,150
5'-C G G U C,160
5'-C G G U G,160
5'-C G G U U,180
5'-C G U A A,370
5'-C G U A C,300
5'-C G U A G,300
5'-C G U A U,470
5'-C G U C A,39
5'-C G U C C,60
5'-C G U C G,65
5'-C G U C U,70
5'-C G U G A,150
5'-C G U G C,145
5'-C G U G G,145
5'-C G U G U,180
5'-C G U U A,420
5'-C G U U C,310
5'-C G U U G,300
5'-C G U U U,520
5'-C U A A A,590
5'-C U A A C,510
5'-C U A A G,630
5'-C U A A U,600
5'-C U A C A,580
5'-C U A C C,500
5'-C U A C G,580
5'-C U A C U,600
5'-C U A G A,550
5'-C U A G C,470
5'-C U A G G,590
5'-C U A G U,570
5'-C U A U A,590
5'-C U A U C,520
5'-C U A U G,640
5'-C U A U U,610
5'-C U C A A,200
5'-C U C A C,230
5'-C U C A G,220
5'-C U C A U,230
5'-C U C C A,65
5'-C U C C C,75
5'-C U C C G,75
5'-C U C C U,90
5'-C U C G A,160
5'-C U C G C,150
5'-C U C G G,140
5'-C U C G U,190
5'-C U C U A,220
5'-C U C U C,230
5'-C U C U G,220
5'-C U C U U,250
5'-C U G A A,230
5'-C U G A C,260
5'-C U G A G,260
5'-C U G A U,270
5'-C U G C A,145
5'-C U G C C,160
5'-C U G C G,160
5'-C U G C U,170
5'-C U G G A,230
5'-C U G G C,200
5'-C U G G G,200
5'-C U G G U,250
5'-C U G U A,220
5'-C U G U C,230
5'-C U G U G,230
5'-C U G U U,260
5'-C U U A A,340
5'-C U U A C,370
5'-C U U A G,350
5'-C U U A U,360
5'-C U U C A,500
5'-C U U C C,470
5'-C U U C G,500
5'-C U U C U,530
5'-C U U G A,280
5'-C U U G C,280
5'-C U U G G,240
5'-C U U G U,300
5'-C U U U A,340
5'-C U U U C,360
5'-C U U U G,340
5'-C U U U U,360
5'-G A A A A,>1000
5'-G A A A C,>1000
5'-G A A A G,>1000
5'-G A A A U,>1000
5'-G A A C A,>1000
5'-G A A C C,>1000
5'-G A A C G,>1000
5'-G A A C U,>1000
5'-G A A G A,>1000
5'-G A A G C,>1000
5'-G A A G G,>1000
5'-G A A G U,>1000
5'-G A A U A,>1000
5'-G A A U C,>1000
5'-G A A U G,>1000
5'-G A A U U,>1000
5'-G A C A A,140
5'-G A C A C,150
5'-G A C A G,150
5'-G A C A U,170
5'-G A C C A,18
5'-G A C C C,30
5'-G A C C G,30
5'-G A C C U,25
5'-G A C G A,80
5'-G A C G C,75
5'-G A C G G,70
5'-G A C G U,95
5'-G A C U A,150
5'-G A C U C,150
5'-G A C U G,150
5'-G A C U U,180
5'-G A G A A,160
5'-G A G A C,170
5'-G A G A G,170
5'-G A G A U,190
5'-G A G C A,70
5'-G A G C C,100
5'-G A G C G,100
5'-G A G C U,85
5'-G A G G A,100
5'-G A G G C,95
5'-G A G G G,95
5'-G A G G U,120
5'-G A G U A,150
5'-G A G U C,145
5'-G A G U G,145
5'-G A G U U,180
5'-G A U A A,410
5'-G A U A C,410
5'-G A U A G,410
5'-G A U A U,420
5'-G A U C A,960
5'-G A U C C,980
5'-G A U C G,>1000
5'-G A U C U,980
5'-G A U G A,350
5'-G A U G C,360
5'-G A U G G,350
5'-G A U G U,360
5'-G A U U A,400
5'-G A U U C,400
5'-G A U U G,410
5'-G A U U U,410
5'-G C A A A,270
5'-G C A A C,220
5'-G C A A G,230
5'-G C A A U,360
5'-G C A C A,190
5'-G C A C C,220
5'-G C A C G,240
5'-G C A C U,220
5'-G C A G A,200
5'-G C A G C,200
5'-G C A G G,210
5'-G C A G U,220
5'-G C A U A,310
5'-G C A U C,230
5'-G C A U G,240
5'-G C A U U,400
5'-G C C A A,55
5'-G C C A C,85
5'-G C C A G,85
5'-G C C A U,95
5'-G C C C A,14
5'-G C C C C,26
5'-G C C C G,26
5'-G C C C U,25
5'-G C C G A,49
5'-G C C G C,65
5'-G C C G G,65
5'-G C C G U,70
5'-G C C U A,125
5'-G C C U C,145
5'-G C C U G,145
5'-G C C U U,160
5'-G C G A A,41
5'-G C G A C,60
5'-G C G A G,60
5'-G C G A U,75
5'-G C G C A,55
5'-G C G C C,80
5'-G C G C G,80
5'-G C G C U,75
5'-G C G G A,60
5'-G C G G C,75
5'-G C G G G,75
5'-G C G G U,75
5'-G C G U A,75
5'-G C G U C,90
5'-G C G U G,90
5'-G C G U U,110
5'-G C U A A,230
5'-G C U A C,170
5'-G C U A G,170
5'-G C U A U,330
5'-G C U C A,17
5'-G C U C C,50
5'-G C U C G,55
5'-G C U C U,47
5'-G C U G A,85
5'-G C U G C,90
5'-G C U G G,90
5'-G C U G U,110
5'-G C U U A,270
5'-G C U U C,170
5'-G C U U G,170
5'-G C U U U,370
5'-G G A A A,270
5'-G G A A C,200
5'-G G A A G,220
5'-G G A A U,360
5'-G G A C A,190
5'-G G A C C,230
5'-G G A C G,240
5'-G G A C U,220
5'-G G A G A,200
5'-G G A G C,200
5'-G G A G G,220
5'-G G A G U,220
5'-G G A U A,310
5'-G G A U C,210
5'-G G A U G,220
5'-G G A U U,410
5'-G G C A A,60
5'-G G C A C,85
5'-G G C A G,85
5'-G G C A U,100
5'-G G C C A,4.7
5'-G G C C C,19
5'-G G C C G,19
5'-G G C C U,15
5'-G G C G A,40
5'-G G C G C,60
5'-G G C G G,60
5'-G G C G U,60
5'-G G C U A,130
5'-G G C U C,140
5'-G G C U G,140
5'-G G C U U,170
5'-G G G A A,42
5'-G G G A C,65
5'-G G G A G,65
5'-G G G A U,80
5'-G G G C A,44
5'-G G G C C,70
5'-G G G C G,70
5'-G G G C U,65
5'-G G G G A,50
5'-G G G G C,70
5'-G G G G G,70
5'-G G G G U,70
5'-G G G U A,80
5'-G G G U C,85
5'-G G G U G,85
5'-G G G U U,120
5'-G G U A A,240
5'-G G U A C,160
5'-G G U A G,160
5'-G G U A U,340
5'-G G U C A,15
5'-G G U C C,50
5'-G G U C G,55
5'-G G U C U,45
5'-G G U G A,85
5'-G G U G C,95
5'-G G U G G,95
5'-G G U G U,115
5'-G G U U A,280
5'-G G U U C,160
5'-G G U U G,160
5'-G G U U U,380
5'-G U A A A,630
5'-G U A A C,530
5'-G U A A G,680
5'-G U A A U,640
5'-G U A C A,950
5'-G U A C C,880
5'-G U A C G,970
5'-G U A C U,970
5'-G U A G A,600
5'-G U A G C,490
5'-G U A G G,650
5'-G U A G U,620
5'-G U A U A,640
5'-G U A U C,540
5'-G U A U G,690
5'-G U A U U,650
5'-G U C A A,135
5'-G U C A C,160
5'-G U C A G,150
5'-G U C A U,180
5'-G U C C A,60
5'-G U C C C,75
5'-G U C C G,70
5'-G U C C U,80
5'-G U C G A,115
5'-G U C G C,110
5'-G U C G G,100
5'-G U C G U,140
5'-G U C U A,150
5'-G U C U C,160
5'-G U C U G,150
5'-G U C U U,190
5'-G U G A A,160
5'-G U G A C,180
5'-G U G A G,180
5'-G U G A U,200
5'-G U G C A,130
5'-G U G C C,160
5'-G U G C G,150
5'-G U G C U,160
5'-G U G G A,170
5'-G U G G C,160
5'-G U G G G,160
5'-G U G G U,200
5'-G U G U A,150
5'-G U G U C,150
5'-G U G U G,150
5'-G U G U U,190
5'-G U U A A,330
5'-G U U A C,330
5'-G U U A G,330
5'-G U U A U,350
5'-G U U C A,900
5'-G U U C C,880
5'-G U U C G,910
5'-G U U C U,920
5'-G U U G A,260
5'-G U U G C,230
5'-G U U G G,230
5'-G U U G U,280
5'-G U U U A,320
5'-G U U U C,320
5'-G U U U G,330
5'-G U U U U,340
5'-U A A A A,>1000
5'-U A A A C,>1000
5'-U A A A G,>1000
5'-U A A A U,>1000
5'-U A A C A,>1000
5'-U A A C C,>1000
5'-U A A C G,>1000
5'-U A A C U,>1000
5'-U A A G A,>1000
5'-U A A G C,>1000
5'-U A A G G,>1000
5'-U A A G U,>1000
5'-U A A U A,>1000
5'-U A A U C,>1000
5'-U A A U G,>1000
5'-U A A U U,>1000
5'-U A C A A,810
5'-U A C A C,910
5'-U A C A G,880
5'-U A C A U,820
5'-U A C C A,44
5'-U A C C C,80
5'-U A C C G,60
5'-U A C C U,41
5'-U A C G A,150
5'-U A C G C,115
5'-U A C G G,130
5'-U A C G U,160
5'-U A C U A,430
5'-U A C U C,490
5'-U A C U G,460
5'-U A C U U,440
5'-U A G A A,890
5'-U A G A C,980
5'-U A G A G,960
5'-U A G A U,900
5'-U A G C A,115
5'-U A G C C,170
5'-U A G C G,145
5'-U A G C U,125
5'-U A G G A,160
5'-U A G G C,120
5'-U A G G G,140
5'-U A G G U,170
5'-U A G U A,480
5'-U A G U C,540
5'-U A G U G,510
5'-U A G U U,490
5'-U A U A A,870
5'-U A U A C,920
5'-U A U A G,880
5'-U A U A U,880
5'-U A U C A,>1000
5'-U A U C C,>1000
5'-U A U C G,>1000
5'-U A U C U,>1000
5'-U A U G A,790
5'-U A U G C,780
5'-U A U G G,750
5'-U A U G U,790
5'-U A U U A,860
5'-U A U U C,910
5'-U A U U G,870
5'-U A U U U,870
5'-U C A A A,300
5'-U C A A C,250
5'-U C A A G,240
5'-U C A A U,370
5'-U C A C A,180
5'-U C A C C,200
5'-U C A C G,200
5'-U C A C U,190
5'-U C A G A,210
5'-U C A G C,200
5'-U C A G G,200
5'-U C A G U,220
5'-U C A U A,340
5'-U C A U C,260
5'-U C A U G,250
5'-U C A U U,410
5'-U C C A A,28
5'-U C C A C,43
5'-U C C A G,37
5'-U C C A U,37
5'-U C C C A,<1
5'-U C C C C,1.4
5'-U C C C G,1.4
5'-U C C C U,<1
5'-U C C G A,16
5'-U C C G C,22
5'-U C C G G,16
5'-U C C G U,20
5'-U C C U A,70
5'-U C C U C,75
5'-U C C U G,65
5'-U C C U U,75
5'-U C G A A,38
5'-U C G A C,44
5'-U C G A G,44
5'-U C G A U,50
5'-U C G C A,42
5'-U C G C C,55
5'-U C G C G,55
5'-U C G C U,48
5'-U C G G A,43
5'-U C G G C,46
5'-U C G G G,47
5'-U C G G U,50
5'-U C G U A,44
5'-U C G U C,44
5'-U C G U G,37
5'-U C G U U,55
5'-U C U A A,260
5'-U C U A C,200
5'-U C U A G,200
5'-U C U A U,340
5'-U C U C A,16
5'-U C U C C,38
5'-U C U C G,39
5'-U C U C U,31
5'-U C U G A,105
5'-U C U G C,95
5'-U C U G G,100
5'-U C U G U,120
5'-U C U U A,300
5'-U C U U C,200
5'-U C U U G,200
5'-U C U U U,370
5'-U G A A A,290
5'-U G A A C,230
5'-U G A A G,230
5'-U G A A U,360
5'-U G A C A,180
5'-U G A C C,200
5'-U G A C G,200
5'-U G A C U,190
5'-U G A G A,210
5'-U G A G C,200
5'-U G A G G,200
5'-U G A G U,220
5'-U G A U A,340
5'-U G A U C,230
5'-U G A U G,230
5'-U G A U U,410
5'-U G C A A,30
5'-U G C A C,46
5'-U G C A G,40
5'-U G C A U,38
5'-U G C C A,<1
5'-U G C C C,<1
5'-U G C C G,<1
5'-U G C C U,<1
5'-U G C G A,6.8
5'-U G C G C,12
5'-U G C G G,5.7
5'-U G C G U,10
5'-U G C U A,80
5'-U G C U C,75
5'-U G C U G,65
5'-U G C U U,85
5'-U G G A A,40
5'-U G G A C,47
5'-U G G A G,47
5'-U G G A U,50
5'-U G G C A,28
5'-U G G C C,39
5'-U G G C G,40
5'-U G G C U,33
5'-U G G G A,33
5'-U G G G C,35
5'-U G G G G,37
5'-U G G G U,40
5'-U G G U A,55
5'-U G G U C,43
5'-U G G U G,37
5'-U G G U U,65
5'-U G U A A,270
5'-U G U A C,190
5'-U G U A G,190
5'-U G U A U,340
5'-U G U C A,15
5'-U G U C C,36
5'-U G U C G,37
5'-U G U C U,29
5'-U G U G A,110
5'-U G U G C,100
5'-U G U G G,100
5'-U G U G U,125
5'-U G U U A,310
5'-U G U U C,190
5'-U G U U G,190
5'-U G U U U,380
5'-U U A A A,990
5'-U U A A C,980
5'-U U A A G,>1000
5'-U U A A U,>1000
5'-U U A C A,>1000
5'-U U A C C,>1000
5'-U U A C G,>1000
5'-U U A C U,>1000
5'-U U A G A,970
5'-U U A G C,940
5'-U U A G G,>1000
5'-U U A G U,980
5'-U U A U A,990
5'-U U A U C,980
5'-U U A U G,>1000
5'-U U A U U,>1000
5'-U U C A A,820
5'-U U C A C,930
5'-U U C A G,910
5'-U U C A U,840
5'-U U C C A,150
5'-U U C C C,190
5'-U U C C G,170
5'-U U C C U,170
5'-U U C G A,250
5'-U U C G C,220
5'-U U C G G,230
5'-U U C G U,270
5'-U U C U A,460
5'-U U C U C,540
5'-U U C U G,500
5'-U U C U U,480
5'-U U G A A,900
5'-U U G A C,>1000
5'-U U G A G,990
5'-U U G A U,930
5'-U U G C A,240
5'-U U G C C,300
5'-U U G C G,270
5'-U U G C U,270
5'-U U G G A,320
5'-U U G G C,280
5'-U U G G G,300
5'-U U G G U,340
5'-U U G U A,510
5'-U U G U C,580
5'-U U G U G,550
5'-U U G U U,540
5'-U U U A A,920
5'-U U U A C,970
5'-U U U A G,930
5'-U U U A U,950
5'-U U U C A,>1000
5'-U U U C C,>1000
5'-U U U C G,>1000
5'-U U U C U,>1000
5'-U U U G A,880
5'-U U U G C,870
5'-U U U G G,840
5'-U U U G U,890
5'-U U U U A,910
5'-U U U U C,960
5'-U U U U G,920
5'-U U U U U,930